,modality,conditioning,pretraining,embedding_type,embedding_size,task_idx,loss
0,auditory,independent,ast_embeds,random,128,0,2865.067775212186
1,auditory,independent,ast_embeds,random,128,1,2863.7239093100493
2,auditory,independent,ast_embeds,random,128,2,2509.729955401821
3,auditory,independent,ast_embeds,random,128,3,2586.45938808717
4,auditory,independent,ast_embeds,random,128,0,2454.162844224667
5,auditory,independent,ast_embeds,random,128,1,3176.3198639439943
6,auditory,independent,ast_embeds,random,128,2,3064.486300889244
7,auditory,independent,ast_embeds,random,128,3,2835.7961509368197
8,visual,taskconditioned,clip_embeds,VAE,128,0,506.6704205603166
9,visual,taskconditioned,clip_embeds,VAE,128,1,738.1831570629691
10,visual,taskconditioned,clip_embeds,VAE,128,2,663.3191606521742
11,visual,taskconditioned,clip_embeds,VAE,128,3,579.7014394771649
12,visual,taskconditioned,clip_embeds,VAE,128,0,475.6191361969895
13,visual,taskconditioned,clip_embeds,VAE,128,1,582.86129645653
14,visual,taskconditioned,clip_embeds,VAE,128,2,482.30538684080307
15,visual,taskconditioned,clip_embeds,VAE,128,3,502.09931916986005
16,auditory,taskconditioned,raw,VAE,128,0,2403.1105741576716
17,auditory,taskconditioned,raw,VAE,128,1,2198.7237865026786
18,auditory,taskconditioned,raw,VAE,128,2,2372.6635866098018
19,auditory,taskconditioned,raw,VAE,128,3,2125.759974193888
20,auditory,taskconditioned,raw,VAE,128,0,2369.9240299470316
21,auditory,taskconditioned,raw,VAE,128,1,2617.7277821340244
22,auditory,taskconditioned,raw,VAE,128,2,2231.145485189691
23,auditory,taskconditioned,raw,VAE,128,3,1967.855957025393
24,visual,independent,raw,VAE,128,0,457.0714604964227
25,visual,independent,raw,VAE,128,1,492.19678013570797
26,visual,independent,raw,VAE,128,2,625.1529694248227
27,visual,independent,raw,VAE,128,3,565.3504529595255
28,visual,independent,raw,VAE,128,0,583.375066004389
29,visual,independent,raw,VAE,128,1,447.14035468403677
30,visual,independent,raw,VAE,128,2,483.36767962080273
31,visual,independent,raw,VAE,128,3,691.3253099735713
32,auditory,taskconditioned,raw,contrastive,128,0,2672.3012440204966
33,auditory,taskconditioned,raw,contrastive,128,1,3023.0361640079354
34,auditory,taskconditioned,raw,contrastive,128,2,2446.7706993792935
35,auditory,taskconditioned,raw,contrastive,128,3,2826.584319593103
36,auditory,taskconditioned,raw,contrastive,128,0,2826.908433615666
37,auditory,taskconditioned,raw,contrastive,128,1,2732.781766185192
38,auditory,taskconditioned,raw,contrastive,128,2,2689.5696421814578
39,auditory,taskconditioned,raw,contrastive,128,3,2691.92742004419
40,auditory,independent,auditory_pretrained_embeddings,autoencoder,128,0,2438.3095603699708
41,auditory,independent,auditory_pretrained_embeddings,autoencoder,128,1,2381.1920452038653
42,auditory,independent,auditory_pretrained_embeddings,autoencoder,128,2,2659.6128698856814
43,auditory,independent,auditory_pretrained_embeddings,autoencoder,128,3,2641.7157593412953
44,auditory,independent,auditory_pretrained_embeddings,autoencoder,128,0,2661.0831299236474
45,auditory,independent,auditory_pretrained_embeddings,autoencoder,128,1,2572.8380656888016
46,auditory,independent,auditory_pretrained_embeddings,autoencoder,128,2,2397.1804303097256
47,auditory,independent,auditory_pretrained_embeddings,autoencoder,128,3,2285.9214114154015
48,visual,taskconditioned,xclip_embeds,contrastive,128,0,560.7606691762854
49,visual,taskconditioned,xclip_embeds,contrastive,128,1,546.9350491216087
50,visual,taskconditioned,xclip_embeds,contrastive,128,2,518.5456183346337
51,visual,taskconditioned,xclip_embeds,contrastive,128,3,580.7582823752446
52,visual,taskconditioned,xclip_embeds,contrastive,128,0,490.22431678160376
53,visual,taskconditioned,xclip_embeds,contrastive,128,1,586.0866798591372
54,visual,taskconditioned,xclip_embeds,contrastive,128,2,689.554737228374
55,visual,taskconditioned,xclip_embeds,contrastive,128,3,573.2417880214614
56,visual,taskconditioned,clip_embeds,contrastive,128,0,612.936897873444
57,visual,taskconditioned,clip_embeds,contrastive,128,1,527.4759221989123
58,visual,taskconditioned,clip_embeds,contrastive,128,2,569.542303356697
59,visual,taskconditioned,clip_embeds,contrastive,128,3,689.9841816037163
60,visual,taskconditioned,clip_embeds,contrastive,128,0,521.1710034589761
61,visual,taskconditioned,clip_embeds,contrastive,128,1,563.5306040056058
62,visual,taskconditioned,clip_embeds,contrastive,128,2,600.0028335565553
63,visual,taskconditioned,clip_embeds,contrastive,128,3,669.3811220403691
64,kinesthetic,independent,AE_embeds,contrastive,128,0,903.2025918470733
65,kinesthetic,independent,AE_embeds,contrastive,128,1,825.936324448966
66,kinesthetic,independent,AE_embeds,contrastive,128,2,884.2350608021886
67,kinesthetic,independent,AE_embeds,contrastive,128,3,911.8998921612883
68,kinesthetic,independent,AE_embeds,contrastive,128,0,876.7733237921218
69,kinesthetic,independent,AE_embeds,contrastive,128,1,814.3372427502155
70,kinesthetic,independent,AE_embeds,contrastive,128,2,812.8193397442099
71,kinesthetic,independent,AE_embeds,contrastive,128,3,879.53963178073
72,visual,independent,xclip_embeds,VAE,128,0,329.7367939535934
73,visual,independent,xclip_embeds,VAE,128,1,378.47453647941643
74,visual,independent,xclip_embeds,VAE,128,2,359.28888034816737
75,visual,independent,xclip_embeds,VAE,128,3,363.5721650017789
76,visual,independent,xclip_embeds,VAE,128,0,402.18815659258996
77,visual,independent,xclip_embeds,VAE,128,1,420.2983680754152
78,visual,independent,xclip_embeds,VAE,128,2,462.35483251925757
79,visual,independent,xclip_embeds,VAE,128,3,460.2658729435081
80,visual,taskconditioned,xclip_embeds,contrastive+autoencoder,128,0,477.8314524111214
81,visual,taskconditioned,xclip_embeds,contrastive+autoencoder,128,1,581.5034616240314
82,visual,taskconditioned,xclip_embeds,contrastive+autoencoder,128,2,460.50352919961125
83,visual,taskconditioned,xclip_embeds,contrastive+autoencoder,128,3,483.15015353746287
84,visual,taskconditioned,xclip_embeds,contrastive+autoencoder,128,0,608.6454012544172
85,visual,taskconditioned,xclip_embeds,contrastive+autoencoder,128,1,475.4888592571527
86,visual,taskconditioned,xclip_embeds,contrastive+autoencoder,128,2,531.5731788811676
87,visual,taskconditioned,xclip_embeds,contrastive+autoencoder,128,3,603.8470672726904
88,kinesthetic,taskconditioned,AE_embeds,VAE,128,0,676.8849932584682
89,kinesthetic,taskconditioned,AE_embeds,VAE,128,1,663.54547920363
90,kinesthetic,taskconditioned,AE_embeds,VAE,128,2,689.4400660104014
91,kinesthetic,taskconditioned,AE_embeds,VAE,128,3,681.4831909795423
92,kinesthetic,taskconditioned,AE_embeds,VAE,128,0,659.2061425167393
93,kinesthetic,taskconditioned,AE_embeds,VAE,128,1,651.0368500338953
94,kinesthetic,taskconditioned,AE_embeds,VAE,128,2,659.986672731204
95,kinesthetic,taskconditioned,AE_embeds,VAE,128,3,731.5283775016018
96,kinesthetic,independent,raw,contrastive,128,0,998.8479478637388
97,kinesthetic,independent,raw,contrastive,128,1,888.4994867002514
98,kinesthetic,independent,raw,contrastive,128,2,927.500129827817
99,kinesthetic,independent,raw,contrastive,128,3,914.426849253643
100,kinesthetic,independent,raw,contrastive,128,0,980.4787197353681
101,kinesthetic,independent,raw,contrastive,128,1,901.1661815179477
102,kinesthetic,independent,raw,contrastive,128,2,887.9584782649816
103,kinesthetic,independent,raw,contrastive,128,3,852.3356803564423
104,visual,independent,clip_embeds,autoencoder,128,0,609.8560207012157
105,visual,independent,clip_embeds,autoencoder,128,1,579.500129047681
106,visual,independent,clip_embeds,autoencoder,128,2,475.7259984103361
107,visual,independent,clip_embeds,autoencoder,128,3,656.1806452155856
108,visual,independent,clip_embeds,autoencoder,128,0,450.0995062660124
109,visual,independent,clip_embeds,autoencoder,128,1,532.1974890375905
110,visual,independent,clip_embeds,autoencoder,128,2,441.96683749597406
111,visual,independent,clip_embeds,autoencoder,128,3,603.604987869636
112,visual,independent,xclip_embeds,contrastive+autoencoder,128,0,443.9525528111569
113,visual,independent,xclip_embeds,contrastive+autoencoder,128,1,601.9313687051647
114,visual,independent,xclip_embeds,contrastive+autoencoder,128,2,421.51837387343136
115,visual,independent,xclip_embeds,contrastive+autoencoder,128,3,605.8672572763476
116,visual,independent,xclip_embeds,contrastive+autoencoder,128,0,482.05365502769075
117,visual,independent,xclip_embeds,contrastive+autoencoder,128,1,424.0918745614569
118,visual,independent,xclip_embeds,contrastive+autoencoder,128,2,522.1519281441799
119,visual,independent,xclip_embeds,contrastive+autoencoder,128,3,452.9156017482073
120,visual,taskconditioned,raw,contrastive,128,0,584.337816297906
121,visual,taskconditioned,raw,contrastive,128,1,534.4485106566534
122,visual,taskconditioned,raw,contrastive,128,2,507.1437965477453
123,visual,taskconditioned,raw,contrastive,128,3,882.7883155382287
124,visual,taskconditioned,raw,contrastive,128,0,531.883022555264
125,visual,taskconditioned,raw,contrastive,128,1,488.9850937110702
126,visual,taskconditioned,raw,contrastive,128,2,650.0435570246797
127,visual,taskconditioned,raw,contrastive,128,3,528.0814472830007
128,visual,independent,raw,contrastive+autoencoder,128,0,599.9701711440835
129,visual,independent,raw,contrastive+autoencoder,128,1,503.18642359756916
130,visual,independent,raw,contrastive+autoencoder,128,2,633.0399594101218
131,visual,independent,raw,contrastive+autoencoder,128,3,484.6142395679426
132,visual,independent,raw,contrastive+autoencoder,128,0,738.1172338607867
133,visual,independent,raw,contrastive+autoencoder,128,1,458.01089325394776
134,visual,independent,raw,contrastive+autoencoder,128,2,641.4881173350271
135,visual,independent,raw,contrastive+autoencoder,128,3,519.0081018020595
136,visual,taskconditioned,xclip_embeds,random,128,0,525.2255931199517
137,visual,taskconditioned,xclip_embeds,random,128,1,946.2411352861802
138,visual,taskconditioned,xclip_embeds,random,128,2,526.4555092009324
139,visual,taskconditioned,xclip_embeds,random,128,3,598.9545222553771
140,visual,taskconditioned,xclip_embeds,random,128,0,654.2577266684168
141,visual,taskconditioned,xclip_embeds,random,128,1,602.5014466117428
142,visual,taskconditioned,xclip_embeds,random,128,2,520.7300812239854
143,visual,taskconditioned,xclip_embeds,random,128,3,597.6524356989878
144,auditory,independent,raw,autoencoder,128,0,2124.4784205302135
145,auditory,independent,raw,autoencoder,128,1,1940.4061685928375
146,auditory,independent,raw,autoencoder,128,2,2006.652145805581
147,auditory,independent,raw,autoencoder,128,3,2214.818026988572
148,auditory,independent,raw,autoencoder,128,0,2193.6351127211105
149,auditory,independent,raw,autoencoder,128,1,2048.0042544479397
150,auditory,independent,raw,autoencoder,128,2,2132.104814778568
151,auditory,independent,raw,autoencoder,128,3,2153.1714862012814
152,kinesthetic,independent,AE_embeds,autoencoder,128,0,616.8332643998801
153,kinesthetic,independent,AE_embeds,autoencoder,128,1,636.0000053194659
154,kinesthetic,independent,AE_embeds,autoencoder,128,2,540.9634506419741
155,kinesthetic,independent,AE_embeds,autoencoder,128,3,598.0279586300419
156,kinesthetic,independent,AE_embeds,autoencoder,128,0,623.6142623606565
157,kinesthetic,independent,AE_embeds,autoencoder,128,1,641.1757621029727
158,kinesthetic,independent,AE_embeds,autoencoder,128,2,549.866806840898
159,kinesthetic,independent,AE_embeds,autoencoder,128,3,600.7738151658024
160,auditory,taskconditioned,raw,contrastive+autoencoder,128,0,2125.1470250833477
161,auditory,taskconditioned,raw,contrastive+autoencoder,128,1,2552.34084468066
162,auditory,taskconditioned,raw,contrastive+autoencoder,128,2,2419.0239392820954
163,auditory,taskconditioned,raw,contrastive+autoencoder,128,3,2636.13926343932
164,auditory,taskconditioned,raw,contrastive+autoencoder,128,0,2166.434082962865
165,auditory,taskconditioned,raw,contrastive+autoencoder,128,1,2532.5334229730506
166,auditory,taskconditioned,raw,contrastive+autoencoder,128,2,2497.728614042726
167,auditory,taskconditioned,raw,contrastive+autoencoder,128,3,2547.8085908497847
168,visual,taskconditioned,clip_embeds,autoencoder,128,0,596.2347119285718
169,visual,taskconditioned,clip_embeds,autoencoder,128,1,657.2504206740109
170,visual,taskconditioned,clip_embeds,autoencoder,128,2,584.4537946670857
171,visual,taskconditioned,clip_embeds,autoencoder,128,3,560.2883448781624
172,visual,taskconditioned,clip_embeds,autoencoder,128,0,489.1143340423138
173,visual,taskconditioned,clip_embeds,autoencoder,128,1,546.413195059214
174,visual,taskconditioned,clip_embeds,autoencoder,128,2,563.7294340337072
175,visual,taskconditioned,clip_embeds,autoencoder,128,3,562.9973147113653
176,visual,taskconditioned,xclip_embeds,autoencoder,128,0,480.55992170871184
177,visual,taskconditioned,xclip_embeds,autoencoder,128,1,424.04027967915425
178,visual,taskconditioned,xclip_embeds,autoencoder,128,2,571.5914803330525
179,visual,taskconditioned,xclip_embeds,autoencoder,128,3,488.3222912564246
180,visual,taskconditioned,xclip_embeds,autoencoder,128,0,479.74110349094354
181,visual,taskconditioned,xclip_embeds,autoencoder,128,1,425.5561997536619
182,visual,taskconditioned,xclip_embeds,autoencoder,128,2,433.0684589180036
183,visual,taskconditioned,xclip_embeds,autoencoder,128,3,488.09406066144203
184,visual,taskconditioned,raw,VAE,128,0,519.4566799408152
185,visual,taskconditioned,raw,VAE,128,1,658.0062397025102
186,visual,taskconditioned,raw,VAE,128,2,502.03258188971137
187,visual,taskconditioned,raw,VAE,128,3,505.4006299259564
188,visual,taskconditioned,raw,VAE,128,0,591.7238117884892
189,visual,taskconditioned,raw,VAE,128,1,512.6424665366409
190,visual,taskconditioned,raw,VAE,128,2,471.3567111702211
191,visual,taskconditioned,raw,VAE,128,3,470.9395505730814
192,auditory,independent,ast_embeds,contrastive+autoencoder,128,0,2396.208367398123
193,auditory,independent,ast_embeds,contrastive+autoencoder,128,1,2283.9599030170953
194,auditory,independent,ast_embeds,contrastive+autoencoder,128,2,2572.153761828045
195,auditory,independent,ast_embeds,contrastive+autoencoder,128,3,2440.0745662426866
196,auditory,independent,ast_embeds,contrastive+autoencoder,128,0,2546.8968923803573
197,auditory,independent,ast_embeds,contrastive+autoencoder,128,1,2529.7022122661187
198,auditory,independent,ast_embeds,contrastive+autoencoder,128,2,2740.738457092784
199,auditory,independent,ast_embeds,contrastive+autoencoder,128,3,2586.7115310252893
200,auditory,independent,auditory_pretrained_embeddings,contrastive,128,0,2466.7869884129473
201,auditory,independent,auditory_pretrained_embeddings,contrastive,128,1,2324.570215574711
202,auditory,independent,auditory_pretrained_embeddings,contrastive,128,2,2533.98183392558
203,auditory,independent,auditory_pretrained_embeddings,contrastive,128,3,2205.775553091405
204,auditory,independent,auditory_pretrained_embeddings,contrastive,128,0,2338.0557411272716
205,auditory,independent,auditory_pretrained_embeddings,contrastive,128,1,2677.1783646899207
206,auditory,independent,auditory_pretrained_embeddings,contrastive,128,2,2477.448242502455
207,auditory,independent,auditory_pretrained_embeddings,contrastive,128,3,2952.487562927942
208,auditory,independent,ast_embeds,VAE,128,0,2073.650316236866
209,auditory,independent,ast_embeds,VAE,128,1,2265.2941358729836
210,auditory,independent,ast_embeds,VAE,128,2,1667.9882469389504
211,auditory,independent,ast_embeds,VAE,128,3,2180.1336215028737
212,auditory,independent,ast_embeds,VAE,128,0,1929.6775809528226
213,auditory,independent,ast_embeds,VAE,128,1,1758.3073466943658
214,auditory,independent,ast_embeds,VAE,128,2,2310.724762623954
215,auditory,independent,ast_embeds,VAE,128,3,2002.6140081533977
216,auditory,taskconditioned,raw,autoencoder,128,0,2126.569907855743
217,auditory,taskconditioned,raw,autoencoder,128,1,2156.568414270528
218,auditory,taskconditioned,raw,autoencoder,128,2,2121.2494255092056
219,auditory,taskconditioned,raw,autoencoder,128,3,2429.128863419549
220,auditory,taskconditioned,raw,autoencoder,128,0,2273.1151487320135
221,auditory,taskconditioned,raw,autoencoder,128,1,2257.042867667971
222,auditory,taskconditioned,raw,autoencoder,128,2,2137.938893015113
223,auditory,taskconditioned,raw,autoencoder,128,3,2104.809865900396
224,auditory,taskconditioned,auditory_pretrained_embeddings,contrastive+autoencoder,128,0,2568.839166010912
225,auditory,taskconditioned,auditory_pretrained_embeddings,contrastive+autoencoder,128,1,3029.7196902025503
226,auditory,taskconditioned,auditory_pretrained_embeddings,contrastive+autoencoder,128,2,2523.91103304074
227,auditory,taskconditioned,auditory_pretrained_embeddings,contrastive+autoencoder,128,3,2716.5870249745035
228,auditory,taskconditioned,auditory_pretrained_embeddings,contrastive+autoencoder,128,0,2601.6542317016856
229,auditory,taskconditioned,auditory_pretrained_embeddings,contrastive+autoencoder,128,1,2615.3785649445313
230,auditory,taskconditioned,auditory_pretrained_embeddings,contrastive+autoencoder,128,2,2684.614549928861
231,auditory,taskconditioned,auditory_pretrained_embeddings,contrastive+autoencoder,128,3,2681.20541936957
232,auditory,independent,auditory_pretrained_embeddings,contrastive+autoencoder,128,0,2718.828478158625
233,auditory,independent,auditory_pretrained_embeddings,contrastive+autoencoder,128,1,2396.0275407590893
234,auditory,independent,auditory_pretrained_embeddings,contrastive+autoencoder,128,2,3006.3328300577837
235,auditory,independent,auditory_pretrained_embeddings,contrastive+autoencoder,128,3,2483.800875606656
236,auditory,independent,auditory_pretrained_embeddings,contrastive+autoencoder,128,0,2769.495146039751
237,auditory,independent,auditory_pretrained_embeddings,contrastive+autoencoder,128,1,2587.300600132669
238,auditory,independent,auditory_pretrained_embeddings,contrastive+autoencoder,128,2,2915.070904289924
239,auditory,independent,auditory_pretrained_embeddings,contrastive+autoencoder,128,3,2528.5450243803875
240,auditory,independent,auditory_pretrained_embeddings,random,128,0,2404.060648514193
241,auditory,independent,auditory_pretrained_embeddings,random,128,1,2035.5924635247447
242,auditory,independent,auditory_pretrained_embeddings,random,128,2,2047.5330605288916
243,auditory,independent,auditory_pretrained_embeddings,random,128,3,2303.4877212058345
244,auditory,independent,auditory_pretrained_embeddings,random,128,0,2316.297473189314
245,auditory,independent,auditory_pretrained_embeddings,random,128,1,2138.1535767259065
246,auditory,independent,auditory_pretrained_embeddings,random,128,2,2050.8991716416904
247,auditory,independent,auditory_pretrained_embeddings,random,128,3,2442.8669900650234
248,auditory,independent,raw,contrastive,128,0,2498.819482212369
249,auditory,independent,raw,contrastive,128,1,2360.5015041758147
250,auditory,independent,raw,contrastive,128,2,2786.190393126157
251,auditory,independent,raw,contrastive,128,3,2826.7241632803743
252,auditory,independent,raw,contrastive,128,0,2637.46189619763
253,auditory,independent,raw,contrastive,128,1,2272.322088064033
254,auditory,independent,raw,contrastive,128,2,2786.8510264136016
255,auditory,independent,raw,contrastive,128,3,2881.836269759316
256,auditory,taskconditioned,raw,random,128,0,2787.215659176834
257,auditory,taskconditioned,raw,random,128,1,2874.9434235215645
258,auditory,taskconditioned,raw,random,128,2,2951.576835267786
259,auditory,taskconditioned,raw,random,128,3,2749.3951634566292
260,auditory,taskconditioned,raw,random,128,0,2913.2518575087092
261,auditory,taskconditioned,raw,random,128,1,2760.479523270729
262,auditory,taskconditioned,raw,random,128,2,2579.9007789656034
263,auditory,taskconditioned,raw,random,128,3,2995.684759069138
264,visual,taskconditioned,raw,autoencoder,128,0,550.2589770022856
265,visual,taskconditioned,raw,autoencoder,128,1,502.5663768659514
266,visual,taskconditioned,raw,autoencoder,128,2,502.2592134782667
267,visual,taskconditioned,raw,autoencoder,128,3,602.3723146530634
268,visual,taskconditioned,raw,autoencoder,128,0,489.19698126534774
269,visual,taskconditioned,raw,autoencoder,128,1,549.4505787817066
270,visual,taskconditioned,raw,autoencoder,128,2,620.5226190557377
271,visual,taskconditioned,raw,autoencoder,128,3,474.9266728940859
272,kinesthetic,independent,raw,VAE,128,0,778.7202384764572
273,kinesthetic,independent,raw,VAE,128,1,807.6146019481806
274,kinesthetic,independent,raw,VAE,128,2,794.2154427824516
275,kinesthetic,independent,raw,VAE,128,3,771.1284342216605
276,kinesthetic,independent,raw,VAE,128,0,776.0288667329975
277,kinesthetic,independent,raw,VAE,128,1,780.4582500905063
278,kinesthetic,independent,raw,VAE,128,2,782.9721131260061
279,kinesthetic,independent,raw,VAE,128,3,776.0889372965954
280,auditory,taskconditioned,auditory_pretrained_embeddings,random,128,0,2042.9847931332476
281,auditory,taskconditioned,auditory_pretrained_embeddings,random,128,1,2217.19800293228
282,auditory,taskconditioned,auditory_pretrained_embeddings,random,128,2,2299.520535167034
283,auditory,taskconditioned,auditory_pretrained_embeddings,random,128,3,2648.670802003889
284,auditory,taskconditioned,auditory_pretrained_embeddings,random,128,0,2394.7864131187894
285,auditory,taskconditioned,auditory_pretrained_embeddings,random,128,1,2142.301518726143
286,auditory,taskconditioned,auditory_pretrained_embeddings,random,128,2,2515.766880042041
287,auditory,taskconditioned,auditory_pretrained_embeddings,random,128,3,2299.638829685543
288,visual,independent,clip_embeds,contrastive+autoencoder,128,0,597.74353976569
289,visual,independent,clip_embeds,contrastive+autoencoder,128,1,711.0952228932383
290,visual,independent,clip_embeds,contrastive+autoencoder,128,2,506.2709471690754
291,visual,independent,clip_embeds,contrastive+autoencoder,128,3,574.7545150750794
292,visual,independent,clip_embeds,contrastive+autoencoder,128,0,515.8368561840593
293,visual,independent,clip_embeds,contrastive+autoencoder,128,1,614.6604145839121
294,visual,independent,clip_embeds,contrastive+autoencoder,128,2,488.5777742845129
295,visual,independent,clip_embeds,contrastive+autoencoder,128,3,551.4434044361077
296,auditory,taskconditioned,auditory_pretrained_embeddings,VAE,128,0,2119.0396879358677
297,auditory,taskconditioned,auditory_pretrained_embeddings,VAE,128,1,2331.198371671855
298,auditory,taskconditioned,auditory_pretrained_embeddings,VAE,128,2,2324.817496770221
299,auditory,taskconditioned,auditory_pretrained_embeddings,VAE,128,3,2454.6916573566045
300,auditory,taskconditioned,auditory_pretrained_embeddings,VAE,128,0,2562.991512280891
301,auditory,taskconditioned,auditory_pretrained_embeddings,VAE,128,1,2414.467910236127
302,auditory,taskconditioned,auditory_pretrained_embeddings,VAE,128,2,2469.55540694129
303,auditory,taskconditioned,auditory_pretrained_embeddings,VAE,128,3,2171.25923688887
304,visual,independent,clip_embeds,contrastive,128,0,723.6767777668308
305,visual,independent,clip_embeds,contrastive,128,1,603.7696071199852
306,visual,independent,clip_embeds,contrastive,128,2,508.26061365427176
307,visual,independent,clip_embeds,contrastive,128,3,592.8877772927078
308,visual,independent,clip_embeds,contrastive,128,0,513.0862673225438
309,visual,independent,clip_embeds,contrastive,128,1,606.9942875275049
310,visual,independent,clip_embeds,contrastive,128,2,721.5913208806364
311,visual,independent,clip_embeds,contrastive,128,3,589.473997511702
312,kinesthetic,independent,raw,autoencoder,128,0,652.9734517115457
313,kinesthetic,independent,raw,autoencoder,128,1,755.2487787207666
314,kinesthetic,independent,raw,autoencoder,128,2,657.3510313340333
315,kinesthetic,independent,raw,autoencoder,128,3,689.312628917249
316,kinesthetic,independent,raw,autoencoder,128,0,644.6531083133889
317,kinesthetic,independent,raw,autoencoder,128,1,709.5441547544514
318,kinesthetic,independent,raw,autoencoder,128,2,659.0643370366915
319,kinesthetic,independent,raw,autoencoder,128,3,689.3733380611017
320,kinesthetic,independent,raw,contrastive+autoencoder,128,0,841.9655100722291
321,kinesthetic,independent,raw,contrastive+autoencoder,128,1,935.0665467535221
322,kinesthetic,independent,raw,contrastive+autoencoder,128,2,840.5651645974187
323,kinesthetic,independent,raw,contrastive+autoencoder,128,3,917.9655197983794
324,kinesthetic,independent,raw,contrastive+autoencoder,128,0,1011.7663006586084
325,kinesthetic,independent,raw,contrastive+autoencoder,128,1,887.4314351099118
326,kinesthetic,independent,raw,contrastive+autoencoder,128,2,946.5375489000977
327,kinesthetic,independent,raw,contrastive+autoencoder,128,3,793.0866170556437
328,visual,taskconditioned,xclip_embeds,VAE,128,0,546.6580648646575
329,visual,taskconditioned,xclip_embeds,VAE,128,1,516.6143145298261
330,visual,taskconditioned,xclip_embeds,VAE,128,2,474.0961777116638
331,visual,taskconditioned,xclip_embeds,VAE,128,3,574.5990542759846
332,visual,taskconditioned,xclip_embeds,VAE,128,0,535.5757407745041
333,visual,taskconditioned,xclip_embeds,VAE,128,1,485.6996036661027
334,visual,taskconditioned,xclip_embeds,VAE,128,2,470.34645940437554
335,visual,taskconditioned,xclip_embeds,VAE,128,3,499.85819465812136
336,auditory,taskconditioned,auditory_pretrained_embeddings,contrastive,128,0,2856.0182087450376
337,auditory,taskconditioned,auditory_pretrained_embeddings,contrastive,128,1,2655.1492974371336
338,auditory,taskconditioned,auditory_pretrained_embeddings,contrastive,128,2,2849.8644022596145
339,auditory,taskconditioned,auditory_pretrained_embeddings,contrastive,128,3,2881.4471150493664
340,auditory,taskconditioned,auditory_pretrained_embeddings,contrastive,128,0,2722.8783135396593
341,auditory,taskconditioned,auditory_pretrained_embeddings,contrastive,128,1,2899.651104785777
342,auditory,taskconditioned,auditory_pretrained_embeddings,contrastive,128,2,2873.006745726603
343,auditory,taskconditioned,auditory_pretrained_embeddings,contrastive,128,3,2558.529214623926
344,visual,taskconditioned,raw,contrastive+autoencoder,128,0,730.5951662856969
345,visual,taskconditioned,raw,contrastive+autoencoder,128,1,483.44474136409514
346,visual,taskconditioned,raw,contrastive+autoencoder,128,2,544.3244745798518
347,visual,taskconditioned,raw,contrastive+autoencoder,128,3,497.0680495663135
348,visual,taskconditioned,raw,contrastive+autoencoder,128,0,572.0739618987044
349,visual,taskconditioned,raw,contrastive+autoencoder,128,1,673.4294735605997
350,visual,taskconditioned,raw,contrastive+autoencoder,128,2,497.86934885506383
351,visual,taskconditioned,raw,contrastive+autoencoder,128,3,589.8673287397306
352,visual,independent,raw,contrastive,128,0,486.99720798164765
353,visual,independent,raw,contrastive,128,1,594.9177634042345
354,visual,independent,raw,contrastive,128,2,593.6992242344577
355,visual,independent,raw,contrastive,128,3,695.9508868060142
356,visual,independent,raw,contrastive,128,0,666.9104348236223
357,visual,independent,raw,contrastive,128,1,504.1081351684801
358,visual,independent,raw,contrastive,128,2,650.4982697113065
359,visual,independent,raw,contrastive,128,3,577.0947676718384
360,kinesthetic,independent,AE_embeds,random,128,0,1011.6580201264818
361,kinesthetic,independent,AE_embeds,random,128,1,980.5530253783753
362,kinesthetic,independent,AE_embeds,random,128,2,1010.2876914568413
363,kinesthetic,independent,AE_embeds,random,128,3,999.6008787882836
364,kinesthetic,independent,AE_embeds,random,128,0,1003.8675925727996
365,kinesthetic,independent,AE_embeds,random,128,1,986.2750922159445
366,kinesthetic,independent,AE_embeds,random,128,2,1020.8633656545992
367,kinesthetic,independent,AE_embeds,random,128,3,1003.9104873083304
368,auditory,independent,auditory_pretrained_embeddings,VAE,128,0,
369,auditory,independent,auditory_pretrained_embeddings,VAE,128,1,
370,auditory,independent,auditory_pretrained_embeddings,VAE,128,2,
371,auditory,independent,auditory_pretrained_embeddings,VAE,128,3,2678.4292122899324
372,auditory,independent,auditory_pretrained_embeddings,VAE,128,0,
373,auditory,independent,auditory_pretrained_embeddings,VAE,128,1,
374,auditory,independent,auditory_pretrained_embeddings,VAE,128,2,
375,auditory,independent,auditory_pretrained_embeddings,VAE,128,3,2770.0319720755183
376,auditory,taskconditioned,ast_embeds,VAE,128,0,2320.043707973788
377,auditory,taskconditioned,ast_embeds,VAE,128,1,2389.740705561357
378,auditory,taskconditioned,ast_embeds,VAE,128,2,2345.617508716822
379,auditory,taskconditioned,ast_embeds,VAE,128,3,2378.2651211986995
380,auditory,taskconditioned,ast_embeds,VAE,128,0,2054.488294773469
381,auditory,taskconditioned,ast_embeds,VAE,128,1,2351.6073341822
382,auditory,taskconditioned,ast_embeds,VAE,128,2,2037.6977094098138
383,auditory,taskconditioned,ast_embeds,VAE,128,3,2184.374331554274
384,auditory,taskconditioned,ast_embeds,contrastive,128,0,2838.6647707373286
385,auditory,taskconditioned,ast_embeds,contrastive,128,1,2642.8472496878812
386,auditory,taskconditioned,ast_embeds,contrastive,128,2,2757.7784651152865
387,auditory,taskconditioned,ast_embeds,contrastive,128,3,2714.441531478963
388,auditory,taskconditioned,ast_embeds,contrastive,128,0,2759.172124121594
389,auditory,taskconditioned,ast_embeds,contrastive,128,1,2785.861944105552
390,auditory,taskconditioned,ast_embeds,contrastive,128,2,2733.671832264437
391,auditory,taskconditioned,ast_embeds,contrastive,128,3,2618.669416922941
392,auditory,independent,ast_embeds,contrastive,128,0,2549.1664652549466
393,auditory,independent,ast_embeds,contrastive,128,1,2868.2544043528046
394,auditory,independent,ast_embeds,contrastive,128,2,2656.1580636196577
395,auditory,independent,ast_embeds,contrastive,128,3,2811.1160299980725
396,auditory,independent,ast_embeds,contrastive,128,0,2485.188226398789
397,auditory,independent,ast_embeds,contrastive,128,1,3002.637389512065
398,auditory,independent,ast_embeds,contrastive,128,2,3120.2244028719906
399,auditory,independent,ast_embeds,contrastive,128,3,2566.914263258008
400,visual,taskconditioned,clip_embeds,contrastive+autoencoder,128,0,560.7473634585792
401,visual,taskconditioned,clip_embeds,contrastive+autoencoder,128,1,527.7556476536625
402,visual,taskconditioned,clip_embeds,contrastive+autoencoder,128,2,681.3423694015506
403,visual,taskconditioned,clip_embeds,contrastive+autoencoder,128,3,501.31458459135735
404,visual,taskconditioned,clip_embeds,contrastive+autoencoder,128,0,600.3133567675486
405,visual,taskconditioned,clip_embeds,contrastive+autoencoder,128,1,672.8624490996258
406,visual,taskconditioned,clip_embeds,contrastive+autoencoder,128,2,498.43624095586455
407,visual,taskconditioned,clip_embeds,contrastive+autoencoder,128,3,597.8352196197982
408,kinesthetic,taskconditioned,AE_embeds,contrastive+autoencoder,128,0,739.1819700074728
409,kinesthetic,taskconditioned,AE_embeds,contrastive+autoencoder,128,1,692.4280150891462
410,kinesthetic,taskconditioned,AE_embeds,contrastive+autoencoder,128,2,682.3975398872425
411,kinesthetic,taskconditioned,AE_embeds,contrastive+autoencoder,128,3,722.4346701231624
412,kinesthetic,taskconditioned,AE_embeds,contrastive+autoencoder,128,0,768.7373281296138
413,kinesthetic,taskconditioned,AE_embeds,contrastive+autoencoder,128,1,754.0840525696995
414,kinesthetic,taskconditioned,AE_embeds,contrastive+autoencoder,128,2,735.8024701192247
415,kinesthetic,taskconditioned,AE_embeds,contrastive+autoencoder,128,3,726.0292338902361
416,visual,independent,clip_embeds,VAE,128,0,677.7695270402456
417,visual,independent,clip_embeds,VAE,128,1,597.6944403987846
418,visual,independent,clip_embeds,VAE,128,2,503.44923426447764
419,visual,independent,clip_embeds,VAE,128,3,599.0579228799069
420,visual,independent,clip_embeds,VAE,128,0,542.5478011689924
421,visual,independent,clip_embeds,VAE,128,1,611.657976389455
422,visual,independent,clip_embeds,VAE,128,2,538.1070153319702
423,visual,independent,clip_embeds,VAE,128,3,484.35212060795726
424,visual,taskconditioned,raw,random,128,0,628.7520492597957
425,visual,taskconditioned,raw,random,128,1,522.9114991467249
426,visual,taskconditioned,raw,random,128,2,647.506124363474
427,visual,taskconditioned,raw,random,128,3,551.2080030760069
428,visual,taskconditioned,raw,random,128,0,518.1826178081868
429,visual,taskconditioned,raw,random,128,1,558.3741094709665
430,visual,taskconditioned,raw,random,128,2,697.527752522738
431,visual,taskconditioned,raw,random,128,3,664.7061598582859
432,kinesthetic,taskconditioned,AE_embeds,contrastive,128,0,949.6777743729847
433,kinesthetic,taskconditioned,AE_embeds,contrastive,128,1,1015.8191170575126
434,kinesthetic,taskconditioned,AE_embeds,contrastive,128,2,987.4576328764914
435,kinesthetic,taskconditioned,AE_embeds,contrastive,128,3,1036.714174782229
436,kinesthetic,taskconditioned,AE_embeds,contrastive,128,0,1009.8130623536193
437,kinesthetic,taskconditioned,AE_embeds,contrastive,128,1,1000.5806883437916
438,kinesthetic,taskconditioned,AE_embeds,contrastive,128,2,995.5063545374669
439,kinesthetic,taskconditioned,AE_embeds,contrastive,128,3,987.2550428173017
440,visual,independent,xclip_embeds,contrastive,128,0,577.6501088428622
441,visual,independent,xclip_embeds,contrastive,128,1,529.6179220045424
442,visual,independent,xclip_embeds,contrastive,128,2,452.94101571430747
443,visual,independent,xclip_embeds,contrastive,128,3,468.14875373277704
444,visual,independent,xclip_embeds,contrastive,128,0,527.0393196757421
445,visual,independent,xclip_embeds,contrastive,128,1,620.1363629946693
446,visual,independent,xclip_embeds,contrastive,128,2,712.5996714123224
447,visual,independent,xclip_embeds,contrastive,128,3,592.2036694743077
448,auditory,taskconditioned,ast_embeds,contrastive+autoencoder,128,0,2798.785020244302
449,auditory,taskconditioned,ast_embeds,contrastive+autoencoder,128,1,2907.7566547853717
450,auditory,taskconditioned,ast_embeds,contrastive+autoencoder,128,2,2952.5413906260214
451,auditory,taskconditioned,ast_embeds,contrastive+autoencoder,128,3,3013.410594381865
452,auditory,taskconditioned,ast_embeds,contrastive+autoencoder,128,0,2664.638492251854
453,auditory,taskconditioned,ast_embeds,contrastive+autoencoder,128,1,2652.30115964088
454,auditory,taskconditioned,ast_embeds,contrastive+autoencoder,128,2,2666.155143267148
455,auditory,taskconditioned,ast_embeds,contrastive+autoencoder,128,3,2565.5290828884777
456,kinesthetic,taskconditioned,raw,contrastive,128,0,953.7638528958274
457,kinesthetic,taskconditioned,raw,contrastive,128,1,982.2548650815191
458,kinesthetic,taskconditioned,raw,contrastive,128,2,1000.8641538528924
459,kinesthetic,taskconditioned,raw,contrastive,128,3,985.713765351007
460,kinesthetic,taskconditioned,raw,contrastive,128,0,914.1791651006013
461,kinesthetic,taskconditioned,raw,contrastive,128,1,918.8687909858385
462,kinesthetic,taskconditioned,raw,contrastive,128,2,921.5539260949625
463,kinesthetic,taskconditioned,raw,contrastive,128,3,943.9248256100707
464,auditory,independent,ast_embeds,autoencoder,128,0,2097.420208249694
465,auditory,independent,ast_embeds,autoencoder,128,1,2054.0129368996822
466,auditory,independent,ast_embeds,autoencoder,128,2,2069.5394452909336
467,auditory,independent,ast_embeds,autoencoder,128,3,2042.7765433213892
468,auditory,independent,ast_embeds,autoencoder,128,0,2067.7713844564446
469,auditory,independent,ast_embeds,autoencoder,128,1,1921.2442666534832
470,auditory,independent,ast_embeds,autoencoder,128,2,2034.4171454878924
471,auditory,independent,ast_embeds,autoencoder,128,3,2156.829735067653
472,auditory,independent,raw,random,128,0,2837.385363821975
473,auditory,independent,raw,random,128,1,2730.202016631412
474,auditory,independent,raw,random,128,2,2664.6501540969634
475,auditory,independent,raw,random,128,3,2631.9522986815205
476,auditory,independent,raw,random,128,0,2755.7956491796667
477,auditory,independent,raw,random,128,1,3148.189966311418
478,auditory,independent,raw,random,128,2,2674.047162182787
479,auditory,independent,raw,random,128,3,2911.685195604756
480,auditory,taskconditioned,ast_embeds,autoencoder,128,0,2133.6183585603635
481,auditory,taskconditioned,ast_embeds,autoencoder,128,1,2380.063216154528
482,auditory,taskconditioned,ast_embeds,autoencoder,128,2,2366.769312818819
483,auditory,taskconditioned,ast_embeds,autoencoder,128,3,2456.6949560668463
484,auditory,taskconditioned,ast_embeds,autoencoder,128,0,2097.4812940486395
485,auditory,taskconditioned,ast_embeds,autoencoder,128,1,2369.1620388408896
486,auditory,taskconditioned,ast_embeds,autoencoder,128,2,2373.822015011649
487,auditory,taskconditioned,ast_embeds,autoencoder,128,3,2483.906648575909
488,kinesthetic,taskconditioned,raw,VAE,128,0,936.1770659760599
489,kinesthetic,taskconditioned,raw,VAE,128,1,959.52648242688
490,kinesthetic,taskconditioned,raw,VAE,128,2,932.0424978693608
491,kinesthetic,taskconditioned,raw,VAE,128,3,936.5562599736652
492,kinesthetic,taskconditioned,raw,VAE,128,0,948.4955516637937
493,kinesthetic,taskconditioned,raw,VAE,128,1,913.1626842609177
494,kinesthetic,taskconditioned,raw,VAE,128,2,952.7483659209475
495,kinesthetic,taskconditioned,raw,VAE,128,3,956.0684539248808
496,kinesthetic,taskconditioned,raw,random,128,0,1033.6739988361448
497,kinesthetic,taskconditioned,raw,random,128,1,1016.6709439211766
498,kinesthetic,taskconditioned,raw,random,128,2,1007.0366784962517
499,kinesthetic,taskconditioned,raw,random,128,3,1031.7232180147155
500,kinesthetic,taskconditioned,raw,random,128,0,1011.3396451777393
501,kinesthetic,taskconditioned,raw,random,128,1,971.2574171762597
502,kinesthetic,taskconditioned,raw,random,128,2,991.1871321418846
503,kinesthetic,taskconditioned,raw,random,128,3,1012.4024620763992
504,visual,taskconditioned,clip_embeds,random,128,0,746.7952930978407
505,visual,taskconditioned,clip_embeds,random,128,1,610.1940217420641
506,visual,taskconditioned,clip_embeds,random,128,2,544.8774079886708
507,visual,taskconditioned,clip_embeds,random,128,3,664.6501321079985
508,visual,taskconditioned,clip_embeds,random,128,0,766.3357336415847
509,visual,taskconditioned,clip_embeds,random,128,1,574.4548051133319
510,visual,taskconditioned,clip_embeds,random,128,2,587.3071595121304
511,visual,taskconditioned,clip_embeds,random,128,3,596.8053810096305
512,visual,independent,raw,autoencoder,128,0,549.7700786497426
513,visual,independent,raw,autoencoder,128,1,612.5520432240402
514,visual,independent,raw,autoencoder,128,2,447.6398746826919
515,visual,independent,raw,autoencoder,128,3,514.5444780850015
516,visual,independent,raw,autoencoder,128,0,592.2994569662908
517,visual,independent,raw,autoencoder,128,1,569.8760702861767
518,visual,independent,raw,autoencoder,128,2,622.8949159405823
519,visual,independent,raw,autoencoder,128,3,458.91029322911896
520,kinesthetic,independent,AE_embeds,contrastive+autoencoder,128,0,924.441655476802
521,kinesthetic,independent,AE_embeds,contrastive+autoencoder,128,1,898.3603950187799
522,kinesthetic,independent,AE_embeds,contrastive+autoencoder,128,2,828.2456366919189
523,kinesthetic,independent,AE_embeds,contrastive+autoencoder,128,3,822.8356021143316
524,kinesthetic,independent,AE_embeds,contrastive+autoencoder,128,0,891.2789579916134
525,kinesthetic,independent,AE_embeds,contrastive+autoencoder,128,1,868.4279945637212
526,kinesthetic,independent,AE_embeds,contrastive+autoencoder,128,2,904.2748783033684
527,kinesthetic,independent,AE_embeds,contrastive+autoencoder,128,3,865.651201113602
528,auditory,taskconditioned,auditory_pretrained_embeddings,autoencoder,128,0,2398.2326609777933
529,auditory,taskconditioned,auditory_pretrained_embeddings,autoencoder,128,1,1946.6376998573362
530,auditory,taskconditioned,auditory_pretrained_embeddings,autoencoder,128,2,1841.3658893073016
531,auditory,taskconditioned,auditory_pretrained_embeddings,autoencoder,128,3,2181.5481959861645
532,auditory,taskconditioned,auditory_pretrained_embeddings,autoencoder,128,0,2273.561615689694
533,auditory,taskconditioned,auditory_pretrained_embeddings,autoencoder,128,1,2201.831661933827
534,auditory,taskconditioned,auditory_pretrained_embeddings,autoencoder,128,2,1852.3258181245446
535,auditory,taskconditioned,auditory_pretrained_embeddings,autoencoder,128,3,1694.5719189815054
536,auditory,taskconditioned,ast_embeds,random,128,0,2879.334348812868
537,auditory,taskconditioned,ast_embeds,random,128,1,2477.9945225682145
538,auditory,taskconditioned,ast_embeds,random,128,2,2740.0495547344003
539,auditory,taskconditioned,ast_embeds,random,128,3,2977.0482018232447
540,auditory,taskconditioned,ast_embeds,random,128,0,2664.730030751272
541,auditory,taskconditioned,ast_embeds,random,128,1,2751.8465020239164
542,auditory,taskconditioned,ast_embeds,random,128,2,3033.3566641843113
543,auditory,taskconditioned,ast_embeds,random,128,3,2757.4623620775014
544,auditory,independent,raw,VAE,128,0,2171.37245162339
545,auditory,independent,raw,VAE,128,1,2165.812192720207
546,auditory,independent,raw,VAE,128,2,2248.5752951420104
547,auditory,independent,raw,VAE,128,3,2222.4543767305363
548,auditory,independent,raw,VAE,128,0,2344.6599608702895
549,auditory,independent,raw,VAE,128,1,2385.905577803657
550,auditory,independent,raw,VAE,128,2,2005.9456706405974
551,auditory,independent,raw,VAE,128,3,2412.5258024306004
552,auditory,independent,raw,contrastive+autoencoder,128,0,2416.5786793740026
553,auditory,independent,raw,contrastive+autoencoder,128,1,2650.9583065903694
554,auditory,independent,raw,contrastive+autoencoder,128,2,2694.722180959828
555,auditory,independent,raw,contrastive+autoencoder,128,3,3106.7540346809706
556,auditory,independent,raw,contrastive+autoencoder,128,0,2552.520865298697
557,auditory,independent,raw,contrastive+autoencoder,128,1,2489.8318146487522
558,auditory,independent,raw,contrastive+autoencoder,128,2,2588.9827202919814
559,auditory,independent,raw,contrastive+autoencoder,128,3,2579.766343422462
560,visual,independent,raw,random,128,0,550.1812700977501
561,visual,independent,raw,random,128,1,628.7122977910274
562,visual,independent,raw,random,128,2,518.2333743449777
563,visual,independent,raw,random,128,3,693.6258469936442
564,visual,independent,raw,random,128,0,653.030649959271
565,visual,independent,raw,random,128,1,537.1639934822141
566,visual,independent,raw,random,128,2,535.2137461160272
567,visual,independent,raw,random,128,3,545.167440725024
568,visual,independent,clip_embeds,random,128,0,528.069698959246
569,visual,independent,clip_embeds,random,128,1,665.0664894055982
570,visual,independent,clip_embeds,random,128,2,537.2846972051378
571,visual,independent,clip_embeds,random,128,3,691.8031017514153
572,visual,independent,clip_embeds,random,128,0,616.4124539524036
573,visual,independent,clip_embeds,random,128,1,630.1349419183576
574,visual,independent,clip_embeds,random,128,2,604.7045165790231
575,visual,independent,clip_embeds,random,128,3,600.5756051947169
576,kinesthetic,taskconditioned,raw,autoencoder,128,0,638.8387600757409
577,kinesthetic,taskconditioned,raw,autoencoder,128,1,625.8414173583806
578,kinesthetic,taskconditioned,raw,autoencoder,128,2,616.8541652223446
579,kinesthetic,taskconditioned,raw,autoencoder,128,3,634.6901061514318
580,kinesthetic,taskconditioned,raw,autoencoder,128,0,611.4572546178736
581,kinesthetic,taskconditioned,raw,autoencoder,128,1,641.0583136130788
582,kinesthetic,taskconditioned,raw,autoencoder,128,2,610.9476004494202
583,kinesthetic,taskconditioned,raw,autoencoder,128,3,682.257180718251
584,kinesthetic,independent,raw,random,128,0,1020.6266587991647
585,kinesthetic,independent,raw,random,128,1,969.6171079257144
586,kinesthetic,independent,raw,random,128,2,983.5222889591843
587,kinesthetic,independent,raw,random,128,3,883.439066129764
588,kinesthetic,independent,raw,random,128,0,901.41284757053
589,kinesthetic,independent,raw,random,128,1,887.0263545427568
590,kinesthetic,independent,raw,random,128,2,877.7677941757022
591,kinesthetic,independent,raw,random,128,3,926.8859291916581
592,visual,independent,xclip_embeds,autoencoder,128,0,375.3142247040399
593,visual,independent,xclip_embeds,autoencoder,128,1,443.67456118758747
594,visual,independent,xclip_embeds,autoencoder,128,2,394.28740397483654
595,visual,independent,xclip_embeds,autoencoder,128,3,335.4020699741197
596,visual,independent,xclip_embeds,autoencoder,128,0,337.82990275725496
597,visual,independent,xclip_embeds,autoencoder,128,1,413.2501079538544
598,visual,independent,xclip_embeds,autoencoder,128,2,322.63384337007153
599,visual,independent,xclip_embeds,autoencoder,128,3,400.2293556646814
600,kinesthetic,taskconditioned,AE_embeds,autoencoder,128,0,693.9138289267761
601,kinesthetic,taskconditioned,AE_embeds,autoencoder,128,1,712.2825056147478
602,kinesthetic,taskconditioned,AE_embeds,autoencoder,128,2,694.7314896476042
603,kinesthetic,taskconditioned,AE_embeds,autoencoder,128,3,791.5438620112907
604,kinesthetic,taskconditioned,AE_embeds,autoencoder,128,0,691.2069288388675
605,kinesthetic,taskconditioned,AE_embeds,autoencoder,128,1,740.8465919958119
606,kinesthetic,taskconditioned,AE_embeds,autoencoder,128,2,690.1699883578228
607,kinesthetic,taskconditioned,AE_embeds,autoencoder,128,3,719.1542833080031
608,kinesthetic,independent,AE_embeds,VAE,128,0,559.6019741868165
609,kinesthetic,independent,AE_embeds,VAE,128,1,574.0171852436566
610,kinesthetic,independent,AE_embeds,VAE,128,2,521.7617444050862
611,kinesthetic,independent,AE_embeds,VAE,128,3,573.9117178188832
612,kinesthetic,independent,AE_embeds,VAE,128,0,585.1624572441432
613,kinesthetic,independent,AE_embeds,VAE,128,1,574.4520665522315
614,kinesthetic,independent,AE_embeds,VAE,128,2,522.4434121267567
615,kinesthetic,independent,AE_embeds,VAE,128,3,584.5513683300301
616,kinesthetic,taskconditioned,raw,contrastive+autoencoder,128,0,578.8044488544195
617,kinesthetic,taskconditioned,raw,contrastive+autoencoder,128,1,633.8159532124229
618,kinesthetic,taskconditioned,raw,contrastive+autoencoder,128,2,610.2537197790609
619,kinesthetic,taskconditioned,raw,contrastive+autoencoder,128,3,638.0792402168975
620,kinesthetic,taskconditioned,raw,contrastive+autoencoder,128,0,606.1144999370465
621,kinesthetic,taskconditioned,raw,contrastive+autoencoder,128,1,658.1406780130047
622,kinesthetic,taskconditioned,raw,contrastive+autoencoder,128,2,635.5445723503615
623,kinesthetic,taskconditioned,raw,contrastive+autoencoder,128,3,622.2563026148139
624,visual,independent,xclip_embeds,random,128,0,480.96745580559445
625,visual,independent,xclip_embeds,random,128,1,516.9681410885768
626,visual,independent,xclip_embeds,random,128,2,463.5910321502708
627,visual,independent,xclip_embeds,random,128,3,462.41399000334985
628,visual,independent,xclip_embeds,random,128,0,474.5496729095112
629,visual,independent,xclip_embeds,random,128,1,526.882330574108
630,visual,independent,xclip_embeds,random,128,2,630.2818631453214
631,visual,independent,xclip_embeds,random,128,3,556.1545237259464
632,kinesthetic,taskconditioned,AE_embeds,random,128,0,1001.8794741942921
633,kinesthetic,taskconditioned,AE_embeds,random,128,1,976.352580037453
634,kinesthetic,taskconditioned,AE_embeds,random,128,2,998.1412310222225
635,kinesthetic,taskconditioned,AE_embeds,random,128,3,982.2115970094536
636,kinesthetic,taskconditioned,AE_embeds,random,128,0,994.0998462463697
637,kinesthetic,taskconditioned,AE_embeds,random,128,1,1043.2487569657862
638,kinesthetic,taskconditioned,AE_embeds,random,128,2,990.7211510373976
639,kinesthetic,taskconditioned,AE_embeds,random,128,3,1052.7580479383594
